{
    "Lorenzo": {
        "dice": 0.7123018232452568,
        "iou": 0.5547429674456094,
        "name": "Lorenzo",
        "position": 2,
        "time": 6830.0
    },
    "antionio": {
        "dice": 0.0032254123396456935,
        "iou": 0.0016231770000737808,
        "name": "antionio",
        "position": 1,
        "time": 3856.0
    }
}